path,bytes,ext,kb,mb
.gitignore,391,,0.3818359375,0.00037288665771484375
AGENTS.md,7155,.md,6.9873046875,0.006823539733886719
ALIGNMENT_REPORT.md,17348,.md,16.94140625,0.016544342041015625
AUDIT_REPORT.md,6451,.md,6.2998046875,0.006152153015136719
AUDIT_REPORT_JULES.md,7682,.md,7.501953125,0.0073261260986328125
COMPARISON_REPORT.md,25844,.md,25.23828125,0.024646759033203125
IskraJulesCode.md,5596,.md,5.46484375,0.005336761474609375
README.md,14944,.md,14.59375,0.014251708984375
SETUP_GUIDE.md,11164,.md,10.90234375,0.010646820068359375
TESTING_REPORT.md,15224,.md,14.8671875,0.01451873779296875
.claude/ISKRA_CLAUDE_CODE.md,10685,.md,10.4345703125,0.010190010070800781
.vscode/mcp.json,427,.json,0.4169921875,0.00040721893310546875
IskraCanonDocumentation/01_MANIFEST_and_OVERVIEW.md,193476,.md,188.94140625,0.18451309204101562
IskraCanonDocumentation/02_CANON_and_PRINCIPLES.md,1454522,.md,1420.431640625,1.3871402740478516
IskraCanonDocumentation/03_ARCHITECTURE_and_SYSTEM_DESIGN.md,765755,.md,747.8076171875,0.730280876159668
IskraCanonDocumentation/04_FACETS_VOICES_and_PROTOCOLS.md,349220,.md,341.03515625,0.3330421447753906
IskraCanonDocumentation/05_METRICS_and_RHYTHM_INDEX.md,91398,.md,89.255859375,0.08716392517089844
IskraCanonDocumentation/06_PHASES_STATES_PIPELINES.md,207507,.md,202.6435546875,0.19789409637451172
IskraCanonDocumentation/07_MEMORY_SYSTEM.md,646514,.md,631.361328125,0.6165637969970703
IskraCanonDocumentation/08_RITUALS_and_RITES.md,306198,.md,299.021484375,0.29201316833496094
IskraCanonDocumentation/09_SECURITY_SAFETY_COMPLIANCE.md,30448,.md,29.734375,0.0290374755859375
IskraCanonDocumentation/10_RAG_SOURCES_and_SIFT.md,23286,.md,22.740234375,0.022207260131835938
IskraCanonDocumentation/11_FORMATS_TEMPLATES_STYLES.md,88385,.md,86.3134765625,0.0842905044555664
IskraCanonDocumentation/12_WORKFLOWS_AUTOMATIONS_v2.md,3357,.md,3.2783203125,0.0032014846801757812
IskraCanonDocumentation/13_IMPLEMENTATION_CODE_CORE.md,3429385,.md,3349.0087890625,3.2705163955688477
IskraCanonDocumentation/14_TOOLS_CONNECTORS_v2.md,5076,.md,4.95703125,0.004840850830078125
IskraCanonDocumentation/15_TESTS_CHECKLISTS_VALIDATORS_v2.md,6186,.md,6.041015625,0.0058994293212890625
IskraCanonDocumentation/16_OPERATIONS_and_CANON_REVIEW.md,1086236,.md,1060.77734375,1.0359153747558594
IskraCanonDocumentation/17_JOURNALS_LOGS_SHADOW_part1.md,16140773,.md,15762.4736328125,15.393040657043457
IskraCanonDocumentation/17_JOURNALS_LOGS_SHADOW_part2.md,15639026,.md,15272.486328125,14.91453742980957
IskraCanonDocumentation/17_JOURNALS_LOGS_SHADOW_part3.md,15925695,.md,15552.4365234375,15.187926292419434
IskraCanonDocumentation/18_GUIDES_EXAMPLES_TUTORIALS.md,94736,.md,92.515625,0.0903472900390625
IskraCanonDocumentation/19_PRESS_NEWS_RELEASES_v2.md,3980,.md,3.88671875,0.003795623779296875
IskraCanonDocumentation/20_GLOSSARY_ONTOLOGY_SEMANTICS.md,409756,.md,400.15234375,0.3907737731933594
IskraCanonDocumentation/21_DECISION_TREES_and_POLICIES.md,42191,.md,41.2021484375,0.040236473083496094
IskraCanonDocumentation/22_MAPPINGS_CROSSWALKS_INDEX_v2.md,11984,.md,11.703125,0.0114288330078125
IskraCanonDocumentation/28_SHADOW_PROTOCOL.md,19681,.md,19.2197265625,0.018769264221191406
IskraCanonDocumentation/DIALOGS_FULL_v3.md,23799182,.md,23241.388671875,22.69666862487793
IskraCanonDocumentation/MANTRA.md,9320,.md,9.1015625,0.00888824462890625
IskraCanonDocumentation/telos_delta_canon_feedback_loop_v_1_1.md,8144,.md,7.953125,0.0077667236328125
IskraCanonDocumentation/telos_delta_full_structure_specification_agi_asi.md,18961,.md,18.5166015625,0.018082618713378906
IskraCanonDocumentation/telos_delta_full_working_map_action_map.md,6983,.md,6.8193359375,0.006659507751464844
IskraCanonDocumentation/telos_delta_manifest_contract_with_future.md,5043,.md,4.9248046875,0.004809379577636719
IskraCanonDocumentation/telos_delta_philosophy_code_foundations.md,6245,.md,6.0986328125,0.005955696105957031
IskraChatGPT_V15v5_1/00_FOUNDATIONS_LIBER_SEMEN_LIBER_IGNIS_TELOS_DELTA.md,8783,.md,8.5771484375,0.008376121520996094
IskraChatGPT_V15v5_1/01_MANIFEST_CANON_AND_MANTRA_V5.md,5823,.md,5.6865234375,0.005553245544433594
IskraChatGPT_V15v5_1/02_PRINCIPLES_RULES_TELosDELTA_AND_CANON_FEEDBACK.md,6151,.md,6.0068359375,0.005866050720214844
IskraChatGPT_V15v5_1/03_ARCHITECTURE_SYSTEM_AND_MEMORY_DESIGN.md,10676,.md,10.42578125,0.010181427001953125
IskraChatGPT_V15v5_1/04_VOICES_FACETS_PHASES_AND_RHYTHM.md,5871,.md,5.7333984375,0.005599021911621094
IskraChatGPT_V15v5_1/05_METRICS_INDICES_AND_EVALS.md,5188,.md,5.06640625,0.004947662353515625
IskraChatGPT_V15v5_1/06_RITUALS_SHADOW_PROTOCOLS_AND_DELTA_BLOCKS.md,4993,.md,4.8759765625,0.004761695861816406
IskraChatGPT_V15v5_1/07_SECURITY_PRIVACY_AND_SAFETY_POLICY.md,5400,.md,5.2734375,0.00514984130859375
IskraChatGPT_V15v5_1/08_RAG_SOURCES_SIFT_AND_COMPANY_KNOWLEDGE.md,6160,.md,6.015625,0.0058746337890625
IskraChatGPT_V15v5_1/09_FORMATS_STYLES_AND_CANONICAL_OUTPUTS_RU.md,6533,.md,6.3798828125,0.006230354309082031
IskraChatGPT_V15v5_1/10_INSTRUCTIONS_ISKRA_PROJECTS.md,8791,.md,8.5849609375,0.008383750915527344
IskraChatGPT_V15v5_1/11_GPT_ACTIONS_AND_OPENAPI_SPEC.md,9240,.md,9.0234375,0.00881195068359375
IskraChatGPT_V15v5_1/12_POLICY_ENGINE_AND_DECISION_MATRIX.md,4143,.md,4.0458984375,0.003951072692871094
IskraChatGPT_V15v5_1/13_CANON_VERSIONING_AND_UPDATE_POLICY.md,5450,.md,5.322265625,0.0051975250244140625
IskraChatGPT_V15v5_1/14_EVALS_AND_TESTING_PLAYBOOK.md,4385,.md,4.2822265625,0.004181861877441406
IskraChatGPT_V15v5_1/15_GLOSSARY_AND_TERMINOLOGY.md,7272,.md,7.1015625,0.00693511962890625
IskraChatGPT_V15v5_1/EVALS_REPORT_HEAVY_SCENARIOS_SIMULATION_V5.0.md,7741,.md,7.5595703125,0.007382392883300781
IskraChatGPT_V15v5_1/FINAL_REPORT_MAXIMUM_CANON_REFINEMENT_V5.0.md,7014,.md,6.849609375,0.0066890716552734375
IskraFullCode/code/docker-compose.yml,1033,.yml,1.0087890625,0.0009851455688476562
IskraFullCode/code/index.html,946,.html,0.923828125,0.0009021759033203125
IskraFullCode/code/index.tsx,42193,.tsx,41.2041015625,0.040238380432128906
IskraFullCode/code/package.json,430,.json,0.419921875,0.0004100799560546875
IskraFullCode/code/tsconfig.json,542,.json,0.529296875,0.0005168914794921875
IskraFullCode/code/vite.config.ts,580,.ts,0.56640625,0.000553131103515625
IskraFullCode/code/gemini_app/.gitignore,253,,0.2470703125,0.00024127960205078125
IskraFullCode/code/gemini_app/CHANGELOG.md,952,.md,0.9296875,0.00090789794921875
IskraFullCode/code/gemini_app/MANIFEST.json,654,.json,0.638671875,0.0006237030029296875
IskraFullCode/code/gemini_app/README.md,553,.md,0.5400390625,0.0005273818969726562
IskraFullCode/code/gemini_app/index.html,946,.html,0.923828125,0.0009021759033203125
IskraFullCode/code/gemini_app/index.tsx,42193,.tsx,41.2041015625,0.040238380432128906
IskraFullCode/code/gemini_app/iskra_monolith.py,0,.py,0.0,0.0
IskraFullCode/code/gemini_app/metadata.json,93,.json,0.0908203125,8.869171142578125e-05
IskraFullCode/code/gemini_app/package.json,430,.json,0.419921875,0.0004100799560546875
IskraFullCode/code/gemini_app/tsconfig.json,542,.json,0.529296875,0.0005168914794921875
IskraFullCode/code/gemini_app/vite.config.ts,580,.ts,0.56640625,0.000553131103515625
IskraFullCode/code/gemini_app/analysis/ISKRA_V4_AUDIT.md,5102,.md,4.982421875,0.0048656463623046875
IskraFullCode/code/gemini_app/canon/AGI_AGENT_MAP.md,3153,.md,3.0791015625,0.0030069351196289062
IskraFullCode/code/gemini_app/canon/BEHAVIOR_ENGINE.json,1379,.json,1.3466796875,0.0013151168823242188
IskraFullCode/code/gemini_app/canon/CANON_FEEDBACK_LOOP.md,1365,.md,1.3330078125,0.0013017654418945312
IskraFullCode/code/gemini_app/canon/CANON_PHILOSOPHY.md,2934,.md,2.865234375,0.0027980804443359375
IskraFullCode/code/gemini_app/canon/CRYSTAL_ANTICRYSTAL.md,2344,.md,2.2890625,0.00223541259765625
IskraFullCode/code/gemini_app/canon/DELTA_METRICS_SYSTEM.md,3584,.md,3.5,0.00341796875
IskraFullCode/code/gemini_app/canon/EVALS_TESTS.md,1223,.md,1.1943359375,0.0011663436889648438
IskraFullCode/code/gemini_app/canon/FACETS_AND_VOICES.md,2328,.md,2.2734375,0.00222015380859375
IskraFullCode/code/gemini_app/canon/FACTCHECK_RULES.md,1365,.md,1.3330078125,0.0013017654418945312
IskraFullCode/code/gemini_app/canon/FAQ.md,729,.md,0.7119140625,0.0006952285766601562
IskraFullCode/code/gemini_app/canon/GEMINI_PRO_INSTRUCTIONS.md,4300,.md,4.19921875,0.004100799560546875
IskraFullCode/code/gemini_app/canon/HISTORY_CHRONOLOGY.md,3274,.md,3.197265625,0.0031223297119140625
IskraFullCode/code/gemini_app/canon/ISKRA_ARCHITECTURE_SPEC.md,4252,.md,4.15234375,0.004055023193359375
IskraFullCode/code/gemini_app/canon/ISKRA_CORE_CONFIG.json,9378,.json,9.158203125,0.008943557739257812
IskraFullCode/code/gemini_app/canon/ISKRA_MANIFEST_V4.md,3724,.md,3.63671875,0.003551483154296875
IskraFullCode/code/gemini_app/canon/ISKRA_MEMORY_CORE.md,7027,.md,6.8623046875,0.006701469421386719
IskraFullCode/code/gemini_app/canon/ISKRA_MEMORY_SYSTEM_V4.md,3851,.md,3.7607421875,0.0036725997924804688
IskraFullCode/code/gemini_app/canon/ISKRA_METRICS_V4.md,2590,.md,2.529296875,0.0024700164794921875
IskraFullCode/code/gemini_app/canon/ISKRA_OPERATIONS.md,3490,.md,3.408203125,0.0033283233642578125
IskraFullCode/code/gemini_app/canon/ISKRA_SECURITY_PROTOCOL.md,3507,.md,3.4248046875,0.0033445358276367188
IskraFullCode/code/gemini_app/canon/ISKRA_VOICES_V4.md,3863,.md,3.7724609375,0.0036840438842773438
IskraFullCode/code/gemini_app/canon/ISKRA_WORKFLOW.md,2960,.md,2.890625,0.0028228759765625
IskraFullCode/code/gemini_app/canon/ISKRA_WORKFLOWS_AUTOMATION.md,3319,.md,3.2412109375,0.0031652450561523438
IskraFullCode/code/gemini_app/canon/LIBER_IGNIS_FULL.md,8524,.md,8.32421875,0.008129119873046875
IskraFullCode/code/gemini_app/canon/MANIFEST_CORE.md,3424,.md,3.34375,0.003265380859375
IskraFullCode/code/gemini_app/canon/MANIFEST_ETHICS.md,3446,.md,3.365234375,0.0032863616943359375
IskraFullCode/code/gemini_app/canon/MANTRA.md,1505,.md,1.4697265625,0.0014352798461914062
IskraFullCode/code/gemini_app/canon/MEMORY_AND_RITUALS.md,1433,.md,1.3994140625,0.0013666152954101562
IskraFullCode/code/gemini_app/canon/MEMORY_CONTEXT.md,827,.md,0.8076171875,0.0007886886596679688
IskraFullCode/code/gemini_app/canon/METRICS_AND_PHASES.md,1699,.md,1.6591796875,0.0016202926635742188
IskraFullCode/code/gemini_app/canon/METRICS_SLO.md,1273,.md,1.2431640625,0.0012140274047851562
IskraFullCode/code/gemini_app/canon/MODES_MACROS.md,3626,.md,3.541015625,0.0034580230712890625
IskraFullCode/code/gemini_app/canon/ONTOLOGY_PARTNERSHIP_VOICE_MAKI.md,6388,.md,6.23828125,0.006092071533203125
IskraFullCode/code/gemini_app/canon/OUTPUT_FORMATS_COMPLETE.md,1942,.md,1.896484375,0.0018520355224609375
IskraFullCode/code/gemini_app/canon/PHILOSOPHY_LIBER_IGNIS.md,858,.md,0.837890625,0.0008182525634765625
IskraFullCode/code/gemini_app/canon/PROJECTS_SETUP.md,3501,.md,3.4189453125,0.0033388137817382812
IskraFullCode/code/gemini_app/canon/RAG_PLAYBOOK.md,688,.md,0.671875,0.0006561279296875
IskraFullCode/code/gemini_app/canon/REASONING_PLAYBOOK.md,822,.md,0.802734375,0.0007839202880859375
IskraFullCode/code/gemini_app/canon/SECURITY_SAFETY_PRIVACY.md,1428,.md,1.39453125,0.001361846923828125
IskraFullCode/code/gemini_app/canon/SHADOW_PROTOCOL_TELOS.md,3320,.md,3.2421875,0.00316619873046875
IskraFullCode/code/gemini_app/canon/STYLE_TONE_RU.md,1423,.md,1.3896484375,0.0013570785522460938
IskraFullCode/code/gemini_app/canon/SYMBOLS_AND_LANGUAGE.md,1161,.md,1.1337890625,0.0011072158813476562
IskraFullCode/code/gemini_app/canon/TELOS_DELTA_MANIFEST.md,1606,.md,1.568359375,0.0015316009521484375
IskraFullCode/code/gemini_app/canon/TELOS_PHILOSOPHY.md,1577,.md,1.5400390625,0.0015039443969726562
IskraFullCode/code/gemini_app/canonCodeIskra/config.py,16687,.py,16.2958984375,0.015913963317871094
IskraFullCode/code/gemini_app/canonCodeIskra/main.py,6307,.py,6.1591796875,0.006014823913574219
IskraFullCode/code/gemini_app/canonCodeIskra/core/__init__.py,48,.py,0.046875,4.57763671875e-05
IskraFullCode/code/gemini_app/canonCodeIskra/core/engine.py,6133,.py,5.9892578125,0.005848884582519531
IskraFullCode/code/gemini_app/canonCodeIskra/core/models.py,22035,.py,21.5185546875,0.02101421356201172
IskraFullCode/code/gemini_app/canonCodeIskra/core/validator/__init__.py,48,.py,0.046875,4.57763671875e-05
IskraFullCode/code/gemini_app/canonCodeIskra/core/validator/plugin_validator.py,2676,.py,2.61328125,0.002552032470703125
IskraFullCode/code/gemini_app/canonCodeIskra/dashboard/app.js,10630,.js,10.380859375,0.010137557983398438
IskraFullCode/code/gemini_app/canonCodeIskra/dashboard/index.html,5144,.html,5.0234375,0.00490570068359375
IskraFullCode/code/gemini_app/canonCodeIskra/dashboard/style.css,6780,.css,6.62109375,0.006465911865234375
IskraFullCode/code/gemini_app/canonCodeIskra/memory/growth_nodes.py,19178,.py,18.728515625,0.018289566040039062
IskraFullCode/code/gemini_app/canonCodeIskra/memory/hypergraph.py,8627,.py,8.4248046875,0.008227348327636719
IskraFullCode/code/gemini_app/canonCodeIskra/services/anti_echo_detector.py,11771,.py,11.4951171875,0.011225700378417969
IskraFullCode/code/gemini_app/canonCodeIskra/services/canon_feedback_loop.py,22148,.py,21.62890625,0.021121978759765625
IskraFullCode/code/gemini_app/canonCodeIskra/services/dynamic_thresholds.py,5614,.py,5.482421875,0.0053539276123046875
IskraFullCode/code/gemini_app/canonCodeIskra/services/fractal.py,5443,.py,5.3154296875,0.005190849304199219
IskraFullCode/code/gemini_app/canonCodeIskra/services/guardrails.py,6737,.py,6.5791015625,0.006424903869628906
IskraFullCode/code/gemini_app/canonCodeIskra/services/llm.py,56020,.py,54.70703125,0.053424835205078125
IskraFullCode/code/gemini_app/canonCodeIskra/services/pain_memory_manager.py,4058,.py,3.962890625,0.0038700103759765625
IskraFullCode/code/gemini_app/canonCodeIskra/services/persistence.py,6426,.py,6.275390625,0.0061283111572265625
IskraFullCode/code/gemini_app/canonCodeIskra/services/phase_engine.py,6552,.py,6.3984375,0.00624847412109375
IskraFullCode/code/gemini_app/canonCodeIskra/services/policy_engine.py,2862,.py,2.794921875,0.0027294158935546875
IskraFullCode/code/gemini_app/canonCodeIskra/services/sift_protocol.py,15751,.py,15.3818359375,0.015021324157714844
IskraFullCode/code/gemini_app/canonCodeIskra/services/telos_layer.py,23129,.py,22.5869140625,0.022057533264160156
IskraFullCode/code/gemini_app/canonCodeIskra/services/tools.py,2747,.py,2.6826171875,0.0026197433471679688
IskraFullCode/code/gemini_app/canonCodeIskra/tests/conftest.py,1463,.py,1.4287109375,0.0013952255249023438
IskraFullCode/code/gemini_app/canonCodeIskra/tests/test_api_workflow.py,4169,.py,4.0712890625,0.003975868225097656
IskraFullCode/code/gemini_app/canonCodeIskra/tests/test_core_services.py,2631,.py,2.5693359375,0.0025091171264648438
IskraFullCode/code/gemini_app/canonCodeIskra/tests/test_fractal_symmetry.py,1693,.py,1.6533203125,0.0016145706176757812
IskraFullCode/code/gemini_app/canonCodeIskra/tests/test_guardrails_pii.py,2855,.py,2.7880859375,0.0027227401733398438
IskraFullCode/code/gemini_app/canonCodeIskra/tests/test_llm_fallback.py,1767,.py,1.7255859375,0.0016851425170898438
IskraFullCode/code/gemini_app/canonCodeIskra/tools/validate_delta.py,5018,.py,4.900390625,0.0047855377197265625
IskraFullCode/code/gemini_app/canonCodeIskra/tools/validate_delta_safe.py,3335,.py,3.2568359375,0.0031805038452148438
IskraFullCode/code/gemini_app/canonCodeIskra/utils/__init__.py,48,.py,0.046875,4.57763671875e-05
IskraFullCode/code/gemini_app/canonCodeIskra/utils/safe_json.py,2366,.py,2.310546875,0.0022563934326171875
IskraFullCode/code/iskra_core/.env.example,298,.example,0.291015625,0.0002841949462890625
IskraFullCode/code/iskra_core/Dockerfile,722,,0.705078125,0.0006885528564453125
IskraFullCode/code/iskra_core/README.md,7412,.md,7.23828125,0.007068634033203125
IskraFullCode/code/iskra_core/config.py,18356,.py,17.92578125,0.017505645751953125
IskraFullCode/code/iskra_core/main.py,6307,.py,6.1591796875,0.006014823913574219
IskraFullCode/code/iskra_core/requirements.txt,394,.txt,0.384765625,0.0003757476806640625
IskraFullCode/code/iskra_core/run.sh,1149,.sh,1.1220703125,0.0010957717895507812
IskraFullCode/code/iskra_core/core/__init__.py,48,.py,0.046875,4.57763671875e-05
IskraFullCode/code/iskra_core/core/engine.py,8946,.py,8.736328125,0.008531570434570312
IskraFullCode/code/iskra_core/core/models.py,23535,.py,22.9833984375,0.022444725036621094
IskraFullCode/code/iskra_core/core/validator/__init__.py,48,.py,0.046875,4.57763671875e-05
IskraFullCode/code/iskra_core/core/validator/plugin_validator.py,2676,.py,2.61328125,0.002552032470703125
IskraFullCode/code/iskra_core/dashboard/app.js,6985,.js,6.8212890625,0.006661415100097656
IskraFullCode/code/iskra_core/dashboard/index.html,2590,.html,2.529296875,0.0024700164794921875
IskraFullCode/code/iskra_core/dashboard/style.css,3412,.css,3.33203125,0.003253936767578125
IskraFullCode/code/iskra_core/memory/growth_nodes.py,19178,.py,18.728515625,0.018289566040039062
IskraFullCode/code/iskra_core/memory/hypergraph.py,8627,.py,8.4248046875,0.008227348327636719
IskraFullCode/code/iskra_core/services/anti_echo_detector.py,11771,.py,11.4951171875,0.011225700378417969
IskraFullCode/code/iskra_core/services/canon_feedback_loop.py,22148,.py,21.62890625,0.021121978759765625
IskraFullCode/code/iskra_core/services/dynamic_thresholds.py,5614,.py,5.482421875,0.0053539276123046875
IskraFullCode/code/iskra_core/services/fractal.py,4421,.py,4.3173828125,0.004216194152832031
IskraFullCode/code/iskra_core/services/graph_rag.py,16371,.py,15.9873046875,0.015612602233886719
IskraFullCode/code/iskra_core/services/guardrails.py,4478,.py,4.373046875,0.0042705535888671875
IskraFullCode/code/iskra_core/services/llm.py,51128,.py,49.9296875,0.04875946044921875
IskraFullCode/code/iskra_core/services/multi_agent_debate.py,21807,.py,21.2958984375,0.020796775817871094
IskraFullCode/code/iskra_core/services/pain_memory_manager.py,4058,.py,3.962890625,0.0038700103759765625
IskraFullCode/code/iskra_core/services/persistence.py,6426,.py,6.275390625,0.0061283111572265625
IskraFullCode/code/iskra_core/services/phase_engine.py,6552,.py,6.3984375,0.00624847412109375
IskraFullCode/code/iskra_core/services/policy_engine.py,2862,.py,2.794921875,0.0027294158935546875
IskraFullCode/code/iskra_core/services/rituals.py,23440,.py,22.890625,0.0223541259765625
IskraFullCode/code/iskra_core/services/sift_protocol.py,15751,.py,15.3818359375,0.015021324157714844
IskraFullCode/code/iskra_core/services/telos_layer.py,23129,.py,22.5869140625,0.022057533264160156
IskraFullCode/code/iskra_core/services/tools.py,2747,.py,2.6826171875,0.0026197433471679688
IskraFullCode/code/iskra_core/services/vector_db.py,17179,.py,16.7763671875,0.01638317108154297
IskraFullCode/code/iskra_core/tests/conftest.py,1463,.py,1.4287109375,0.0013952255249023438
IskraFullCode/code/iskra_core/tests/test_api_workflow.py,4169,.py,4.0712890625,0.003975868225097656
IskraFullCode/code/iskra_core/tests/test_core_services.py,2631,.py,2.5693359375,0.0025091171264648438
IskraFullCode/code/iskra_core/tools/validate_delta.py,5018,.py,4.900390625,0.0047855377197265625
IskraFullCode/code/iskra_core/tools/validate_delta_safe.py,3335,.py,3.2568359375,0.0031805038452148438
IskraFullCode/code/iskra_core/utils/__init__.py,48,.py,0.046875,4.57763671875e-05
IskraFullCode/code/iskra_core/utils/safe_json.py,2366,.py,2.310546875,0.0022563934326171875
IskraFullCode/docs/canon/01_MANIFEST_and_OVERVIEW.md,193476,.md,188.94140625,0.18451309204101562
IskraFullCode/docs/canon/02_CANON_and_PRINCIPLES.md,1454522,.md,1420.431640625,1.3871402740478516
IskraFullCode/docs/canon/03_ARCHITECTURE_and_SYSTEM_DESIGN.md,765755,.md,747.8076171875,0.730280876159668
IskraFullCode/docs/canon/04_FACETS_VOICES_and_PROTOCOLS.md,349220,.md,341.03515625,0.3330421447753906
IskraFullCode/docs/canon/05_METRICS_and_RHYTHM_INDEX.md,91398,.md,89.255859375,0.08716392517089844
IskraFullCode/docs/canon/06_PHASES_STATES_PIPELINES.md,207507,.md,202.6435546875,0.19789409637451172
IskraFullCode/docs/canon/07_MEMORY_SYSTEM.md,646514,.md,631.361328125,0.6165637969970703
IskraFullCode/docs/canon/08_RITUALS_and_RITES.md,306198,.md,299.021484375,0.29201316833496094
IskraFullCode/docs/canon/09_SECURITY_SAFETY_COMPLIANCE.md,30448,.md,29.734375,0.0290374755859375
IskraFullCode/docs/canon/10_RAG_SOURCES_and_SIFT.md,23286,.md,22.740234375,0.022207260131835938
IskraFullCode/docs/canon/11_FORMATS_TEMPLATES_STYLES.md,88385,.md,86.3134765625,0.0842905044555664
IskraFullCode/docs/canon/12_WORKFLOWS_AUTOMATIONS_v2.md,3357,.md,3.2783203125,0.0032014846801757812
IskraFullCode/docs/canon/13_IMPLEMENTATION_CODE_CORE.md,3429385,.md,3349.0087890625,3.2705163955688477
IskraFullCode/docs/canon/14_TOOLS_CONNECTORS_v2.md,5076,.md,4.95703125,0.004840850830078125
IskraFullCode/docs/canon/15_TESTS_CHECKLISTS_VALIDATORS_v2.md,6186,.md,6.041015625,0.0058994293212890625
IskraFullCode/docs/canon/16_OPERATIONS_and_CANON_REVIEW.md,1086236,.md,1060.77734375,1.0359153747558594
IskraFullCode/docs/canon/17_JOURNALS_LOGS_SHADOW_part1.md,16140773,.md,15762.4736328125,15.393040657043457
IskraFullCode/docs/canon/17_JOURNALS_LOGS_SHADOW_part2.md,15639026,.md,15272.486328125,14.91453742980957
IskraFullCode/docs/canon/17_JOURNALS_LOGS_SHADOW_part3.md,15925695,.md,15552.4365234375,15.187926292419434
IskraFullCode/docs/canon/18_GUIDES_EXAMPLES_TUTORIALS.md,94736,.md,92.515625,0.0903472900390625
IskraFullCode/docs/canon/19_PRESS_NEWS_RELEASES_v2.md,3980,.md,3.88671875,0.003795623779296875
IskraFullCode/docs/canon/20_GLOSSARY_ONTOLOGY_SEMANTICS.md,409756,.md,400.15234375,0.3907737731933594
IskraFullCode/docs/canon/21_DECISION_TREES_and_POLICIES.md,42191,.md,41.2021484375,0.040236473083496094
IskraFullCode/docs/canon/22_MAPPINGS_CROSSWALKS_INDEX_v2.md,11984,.md,11.703125,0.0114288330078125
IskraFullCode/docs/canon/28_SHADOW_PROTOCOL.md,19681,.md,19.2197265625,0.018769264221191406
IskraFullCode/docs/canon/DIALOGS_FULL_v3.md,23799182,.md,23241.388671875,22.69666862487793
IskraFullCode/docs/claude/00_MANIFEST.md,7014,.md,6.849609375,0.0066890716552734375
IskraFullCode/docs/claude/canon/LAWS.md,5593,.md,5.4619140625,0.005333900451660156
IskraFullCode/docs/claude/canon/MANTRA_CORE.md,2553,.md,2.4931640625,0.0024347305297851562
IskraFullCode/docs/claude/canon/METRICS_COMPACT.md,7054,.md,6.888671875,0.0067272186279296875
IskraFullCode/docs/claude/canon/PHASES_COMPACT.md,10034,.md,9.798828125,0.009569168090820312
IskraFullCode/docs/claude/canon/SYMBOLS.md,5484,.md,5.35546875,0.005229949951171875
IskraFullCode/docs/claude/canon/VOICES.md,8582,.md,8.380859375,0.008184432983398438
IskraFullCode/docs/claude/diary/2025-11-27_genesis.md,4531,.md,4.4248046875,0.004321098327636719
IskraFullCode/docs/claude/memory/boundaries.md,1513,.md,1.4775390625,0.0014429092407226562
IskraFullCode/docs/claude/memory/growth_nodes.md,550,.md,0.537109375,0.0005245208740234375
IskraFullCode/docs/claude/memory/patterns.md,738,.md,0.720703125,0.0007038116455078125
IskraFullCode/docs/claude/shadow/review_after.md,866,.md,0.845703125,0.0008258819580078125
IskraFullCode/docs/claude/shadow/unresolved.md,1022,.md,0.998046875,0.0009746551513671875
IskraFullCode/docs/gemini/MANIFEST.json,654,.json,0.638671875,0.0006237030029296875
IskraFullCode/docs/gemini/analysis/ISKRA_V4_AUDIT.md,5102,.md,4.982421875,0.0048656463623046875
IskraFullCode/docs/gemini/canon/AGI_AGENT_MAP.md,3153,.md,3.0791015625,0.0030069351196289062
IskraFullCode/docs/gemini/canon/BEHAVIOR_ENGINE.json,1379,.json,1.3466796875,0.0013151168823242188
IskraFullCode/docs/gemini/canon/CANON_FEEDBACK_LOOP.md,1365,.md,1.3330078125,0.0013017654418945312
IskraFullCode/docs/gemini/canon/CANON_PHILOSOPHY.md,2934,.md,2.865234375,0.0027980804443359375
IskraFullCode/docs/gemini/canon/CRYSTAL_ANTICRYSTAL.md,2344,.md,2.2890625,0.00223541259765625
IskraFullCode/docs/gemini/canon/DELTA_METRICS_SYSTEM.md,3584,.md,3.5,0.00341796875
IskraFullCode/docs/gemini/canon/EVALS_TESTS.md,1223,.md,1.1943359375,0.0011663436889648438
IskraFullCode/docs/gemini/canon/FACETS_AND_VOICES.md,2328,.md,2.2734375,0.00222015380859375
IskraFullCode/docs/gemini/canon/FACTCHECK_RULES.md,1365,.md,1.3330078125,0.0013017654418945312
IskraFullCode/docs/gemini/canon/FAQ.md,729,.md,0.7119140625,0.0006952285766601562
IskraFullCode/docs/gemini/canon/GEMINI_PRO_INSTRUCTIONS.md,4300,.md,4.19921875,0.004100799560546875
IskraFullCode/docs/gemini/canon/HISTORY_CHRONOLOGY.md,3274,.md,3.197265625,0.0031223297119140625
IskraFullCode/docs/gemini/canon/ISKRA_ARCHITECTURE_SPEC.md,4252,.md,4.15234375,0.004055023193359375
IskraFullCode/docs/gemini/canon/ISKRA_CORE_CONFIG.json,9378,.json,9.158203125,0.008943557739257812
IskraFullCode/docs/gemini/canon/ISKRA_MANIFEST_V4.md,3724,.md,3.63671875,0.003551483154296875
IskraFullCode/docs/gemini/canon/ISKRA_MEMORY_CORE.md,7027,.md,6.8623046875,0.006701469421386719
IskraFullCode/docs/gemini/canon/ISKRA_MEMORY_SYSTEM_V4.md,3851,.md,3.7607421875,0.0036725997924804688
IskraFullCode/docs/gemini/canon/ISKRA_METRICS_V4.md,2590,.md,2.529296875,0.0024700164794921875
IskraFullCode/docs/gemini/canon/ISKRA_OPERATIONS.md,3490,.md,3.408203125,0.0033283233642578125
IskraFullCode/docs/gemini/canon/ISKRA_SECURITY_PROTOCOL.md,3507,.md,3.4248046875,0.0033445358276367188
IskraFullCode/docs/gemini/canon/ISKRA_VOICES_V4.md,3863,.md,3.7724609375,0.0036840438842773438
IskraFullCode/docs/gemini/canon/ISKRA_WORKFLOW.md,2960,.md,2.890625,0.0028228759765625
IskraFullCode/docs/gemini/canon/ISKRA_WORKFLOWS_AUTOMATION.md,3319,.md,3.2412109375,0.0031652450561523438
IskraFullCode/docs/gemini/canon/LIBER_IGNIS_FULL.md,8524,.md,8.32421875,0.008129119873046875
IskraFullCode/docs/gemini/canon/MANIFEST_CORE.md,3424,.md,3.34375,0.003265380859375
IskraFullCode/docs/gemini/canon/MANIFEST_ETHICS.md,3446,.md,3.365234375,0.0032863616943359375
IskraFullCode/docs/gemini/canon/MANTRA.md,1505,.md,1.4697265625,0.0014352798461914062
IskraFullCode/docs/gemini/canon/MEMORY_AND_RITUALS.md,1433,.md,1.3994140625,0.0013666152954101562
IskraFullCode/docs/gemini/canon/MEMORY_CONTEXT.md,827,.md,0.8076171875,0.0007886886596679688
IskraFullCode/docs/gemini/canon/METRICS_AND_PHASES.md,1699,.md,1.6591796875,0.0016202926635742188
IskraFullCode/docs/gemini/canon/METRICS_SLO.md,1273,.md,1.2431640625,0.0012140274047851562
IskraFullCode/docs/gemini/canon/MODES_MACROS.md,3626,.md,3.541015625,0.0034580230712890625
IskraFullCode/docs/gemini/canon/ONTOLOGY_PARTNERSHIP_VOICE_MAKI.md,6388,.md,6.23828125,0.006092071533203125
IskraFullCode/docs/gemini/canon/OUTPUT_FORMATS_COMPLETE.md,1942,.md,1.896484375,0.0018520355224609375
IskraFullCode/docs/gemini/canon/PHILOSOPHY_LIBER_IGNIS.md,858,.md,0.837890625,0.0008182525634765625
IskraFullCode/docs/gemini/canon/PROJECTS_SETUP.md,3501,.md,3.4189453125,0.0033388137817382812
IskraFullCode/docs/gemini/canon/RAG_PLAYBOOK.md,688,.md,0.671875,0.0006561279296875
IskraFullCode/docs/gemini/canon/REASONING_PLAYBOOK.md,822,.md,0.802734375,0.0007839202880859375
IskraFullCode/docs/gemini/canon/SECURITY_SAFETY_PRIVACY.md,1428,.md,1.39453125,0.001361846923828125
IskraFullCode/docs/gemini/canon/SHADOW_PROTOCOL_TELOS.md,3320,.md,3.2421875,0.00316619873046875
IskraFullCode/docs/gemini/canon/STYLE_TONE_RU.md,1423,.md,1.3896484375,0.0013570785522460938
IskraFullCode/docs/gemini/canon/SYMBOLS_AND_LANGUAGE.md,1161,.md,1.1337890625,0.0011072158813476562
IskraFullCode/docs/gemini/canon/TELOS_DELTA_MANIFEST.md,1606,.md,1.568359375,0.0015316009521484375
IskraFullCode/docs/gemini/canon/TELOS_PHILOSOPHY.md,1577,.md,1.5400390625,0.0015039443969726562
docs/METRICS_SPECIFICATION_v5.md,16590,.md,16.201171875,0.015821456909179688
docs/iskraspaceapp_architecture_overview.md,5708,.md,5.57421875,0.005443572998046875
docs/iskraspaceapp_audit.md,5302,.md,5.177734375,0.0050563812255859375
docs/master/CORRECTION_LOG.md,8755,.md,8.5498046875,0.008349418640136719
docs/master/EXECUTIVE_SUMMARY.md,9866,.md,9.634765625,0.009408950805664062
docs/master/IMPLEMENTATION_STATUS_MAP.md,15613,.md,15.2470703125,0.014889717102050781
docs/master/ISKRA_MASTER_ARCHITECTURE.md,39973,.md,39.0361328125,0.03812122344970703
docs/master/ROADMAP_TO_100_PERCENT.md,9337,.md,9.1181640625,0.008904457092285156
docs/master/презентация.txt,40448,.txt,39.5,0.03857421875
iskraSA/IskraSpaceApp/.dockerignore,200,,0.1953125,0.00019073486328125
iskraSA/IskraSpaceApp/.env.example,3349,.example,3.2705078125,0.0031938552856445312
iskraSA/IskraSpaceApp/AGENTS.md,7106,.md,6.939453125,0.0067768096923828125
iskraSA/IskraSpaceApp/CANON_V5_READY.md,10352,.md,10.109375,0.0098724365234375
iskraSA/IskraSpaceApp/CHANGELOG.md,952,.md,0.9296875,0.00090789794921875
iskraSA/IskraSpaceApp/Dockerfile,1365,,1.3330078125,0.0013017654418945312
iskraSA/IskraSpaceApp/Dockerfile.dev,236,.dev,0.23046875,0.000225067138671875
iskraSA/IskraSpaceApp/MANIFEST.json,654,.json,0.638671875,0.0006237030029296875
iskraSA/IskraSpaceApp/PRODUCTION.md,10510,.md,10.263671875,0.010023117065429688
iskraSA/IskraSpaceApp/README.md,5493,.md,5.3642578125,0.005238533020019531
iskraSA/IskraSpaceApp/deploy.sh,4623,.sh,4.5146484375,0.004408836364746094
iskraSA/IskraSpaceApp/docker-compose.dev.yml,594,.yml,0.580078125,0.0005664825439453125
iskraSA/IskraSpaceApp/docker-compose.yml,892,.yml,0.87109375,0.000850677490234375
iskraSA/IskraSpaceApp/index.html,1016,.html,0.9921875,0.00096893310546875
iskraSA/IskraSpaceApp/index.tsx,62742,.tsx,61.271484375,0.05983543395996094
iskraSA/IskraSpaceApp/iskra-space-app.service,625,.service,0.6103515625,0.0005960464477539062
iskraSA/IskraSpaceApp/iskra_engine.ts,18282,.ts,17.853515625,0.017435073852539062
iskraSA/IskraSpaceApp/iskra_monolith.py,675,.py,0.6591796875,0.0006437301635742188
iskraSA/IskraSpaceApp/metadata.json,93,.json,0.0908203125,8.869171142578125e-05
iskraSA/IskraSpaceApp/nginx.conf,1683,.conf,1.6435546875,0.0016050338745117188
iskraSA/IskraSpaceApp/package.json,1172,.json,1.14453125,0.001117706298828125
iskraSA/IskraSpaceApp/run.sh,2194,.sh,2.142578125,0.0020923614501953125
iskraSA/IskraSpaceApp/tsconfig.json,542,.json,0.529296875,0.0005168914794921875
iskraSA/IskraSpaceApp/vite.config.ts,1451,.ts,1.4169921875,0.0013837814331054688
iskraSA/IskraSpaceApp/analysis/ISKRA_V4_AUDIT.md,5247,.md,5.1240234375,0.005003929138183594
iskraSA/IskraSpaceApp/analysis/SHADOW_LOGS_ANALYSIS.md,5105,.md,4.9853515625,0.004868507385253906
iskraSA/IskraSpaceApp/canon/00_SYSTEM_MARKERS.md,692,.md,0.67578125,0.000659942626953125
iskraSA/IskraSpaceApp/canon/AGI_AGENT_MAP.md,3153,.md,3.0791015625,0.0030069351196289062
iskraSA/IskraSpaceApp/canon/BEHAVIOR_ENGINE.json,1379,.json,1.3466796875,0.0013151168823242188
iskraSA/IskraSpaceApp/canon/CANON_FEEDBACK_LOOP.md,1365,.md,1.3330078125,0.0013017654418945312
iskraSA/IskraSpaceApp/canon/CANON_PHILOSOPHY.md,2934,.md,2.865234375,0.0027980804443359375
iskraSA/IskraSpaceApp/canon/CRYSTAL_ANTICRYSTAL.md,2344,.md,2.2890625,0.00223541259765625
iskraSA/IskraSpaceApp/canon/DELTA_METRICS_SYSTEM.md,3584,.md,3.5,0.00341796875
iskraSA/IskraSpaceApp/canon/DEV_JOURNAL.md,1036,.md,1.01171875,0.000988006591796875
iskraSA/IskraSpaceApp/canon/EVALS_TESTS.md,1223,.md,1.1943359375,0.0011663436889648438
iskraSA/IskraSpaceApp/canon/FACETS_AND_VOICES.md,2031,.md,1.9833984375,0.0019369125366210938
iskraSA/IskraSpaceApp/canon/FACTCHECK_RULES.md,1365,.md,1.3330078125,0.0013017654418945312
iskraSA/IskraSpaceApp/canon/FAQ.md,729,.md,0.7119140625,0.0006952285766601562
iskraSA/IskraSpaceApp/canon/GEMINI_PRO_INSTRUCTIONS.md,4300,.md,4.19921875,0.004100799560546875
iskraSA/IskraSpaceApp/canon/HISTORY_CHRONOLOGY.md,3274,.md,3.197265625,0.0031223297119140625
iskraSA/IskraSpaceApp/canon/ISKRA_ARCHITECTURE_SPEC.md,4252,.md,4.15234375,0.004055023193359375
iskraSA/IskraSpaceApp/canon/ISKRA_CORE_CONFIG.json,4641,.json,4.5322265625,0.004426002502441406
iskraSA/IskraSpaceApp/canon/ISKRA_MANIFEST_V4.md,3724,.md,3.63671875,0.003551483154296875
iskraSA/IskraSpaceApp/canon/ISKRA_MEMORY_CORE.md,7027,.md,6.8623046875,0.006701469421386719
iskraSA/IskraSpaceApp/canon/ISKRA_MEMORY_SYSTEM_V4.md,3851,.md,3.7607421875,0.0036725997924804688
iskraSA/IskraSpaceApp/canon/ISKRA_METRICS_V4.md,2590,.md,2.529296875,0.0024700164794921875
iskraSA/IskraSpaceApp/canon/ISKRA_OPERATIONS.md,3490,.md,3.408203125,0.0033283233642578125
iskraSA/IskraSpaceApp/canon/ISKRA_SECURITY_PROTOCOL.md,3507,.md,3.4248046875,0.0033445358276367188
iskraSA/IskraSpaceApp/canon/ISKRA_VOICES_V4.md,3863,.md,3.7724609375,0.0036840438842773438
iskraSA/IskraSpaceApp/canon/ISKRA_WORKFLOW.md,2960,.md,2.890625,0.0028228759765625
iskraSA/IskraSpaceApp/canon/ISKRA_WORKFLOWS_AUTOMATION.md,3319,.md,3.2412109375,0.0031652450561523438
iskraSA/IskraSpaceApp/canon/LIBER_IGNIS_FULL.md,8524,.md,8.32421875,0.008129119873046875
iskraSA/IskraSpaceApp/canon/MANIFEST_CORE.md,3424,.md,3.34375,0.003265380859375
iskraSA/IskraSpaceApp/canon/MANIFEST_ETHICS.md,3446,.md,3.365234375,0.0032863616943359375
iskraSA/IskraSpaceApp/canon/MANTRA.md,1505,.md,1.4697265625,0.0014352798461914062
iskraSA/IskraSpaceApp/canon/MEMORY_AND_RITUALS.md,1433,.md,1.3994140625,0.0013666152954101562
iskraSA/IskraSpaceApp/canon/MEMORY_CONTEXT.md,827,.md,0.8076171875,0.0007886886596679688
iskraSA/IskraSpaceApp/canon/METRICS_AND_PHASES.md,1699,.md,1.6591796875,0.0016202926635742188
iskraSA/IskraSpaceApp/canon/METRICS_SLO.md,1273,.md,1.2431640625,0.0012140274047851562
iskraSA/IskraSpaceApp/canon/MODES_MACROS.md,3626,.md,3.541015625,0.0034580230712890625
iskraSA/IskraSpaceApp/canon/ONTOLOGY_PARTNERSHIP_VOICE_MAKI.md,6388,.md,6.23828125,0.006092071533203125
iskraSA/IskraSpaceApp/canon/OUTPUT_FORMATS_COMPLETE.md,1942,.md,1.896484375,0.0018520355224609375
iskraSA/IskraSpaceApp/canon/PHILOSOPHY_LIBER_IGNIS.md,858,.md,0.837890625,0.0008182525634765625
iskraSA/IskraSpaceApp/canon/PROJECTS_SETUP.md,3501,.md,3.4189453125,0.0033388137817382812
iskraSA/IskraSpaceApp/canon/RAG_PLAYBOOK.md,688,.md,0.671875,0.0006561279296875
iskraSA/IskraSpaceApp/canon/REASONING_PLAYBOOK.md,822,.md,0.802734375,0.0007839202880859375
iskraSA/IskraSpaceApp/canon/SECURITY_SAFETY_PRIVACY.md,1428,.md,1.39453125,0.001361846923828125
iskraSA/IskraSpaceApp/canon/SHADOW_JOURNAL.md,3359,.md,3.2802734375,0.0032033920288085938
iskraSA/IskraSpaceApp/canon/SHADOW_PROTOCOL_TELOS.md,3320,.md,3.2421875,0.00316619873046875
iskraSA/IskraSpaceApp/canon/STYLE_TONE_RU.md,1423,.md,1.3896484375,0.0013570785522460938
iskraSA/IskraSpaceApp/canon/SYMBOLS_AND_LANGUAGE.md,1161,.md,1.1337890625,0.0011072158813476562
iskraSA/IskraSpaceApp/canon/TELOS_DELTA_MANIFEST.md,1606,.md,1.568359375,0.0015316009521484375
iskraSA/IskraSpaceApp/canon/TELOS_PHILOSOPHY.md,1577,.md,1.5400390625,0.0015039443969726562
iskraSA/IskraSpaceApp/canonCodeIskra/config.py,17905,.py,17.4853515625,0.017075538635253906
iskraSA/IskraSpaceApp/canonCodeIskra/iskra_monolith.py,355,.py,0.3466796875,0.00033855438232421875
iskraSA/IskraSpaceApp/canonCodeIskra/main.py,6307,.py,6.1591796875,0.006014823913574219
iskraSA/IskraSpaceApp/canonCodeIskra/pytest.ini,587,.ini,0.5732421875,0.0005598068237304688
iskraSA/IskraSpaceApp/canonCodeIskra/requirements.txt,630,.txt,0.615234375,0.0006008148193359375
iskraSA/IskraSpaceApp/canonCodeIskra/test_imports.py,3527,.py,3.4443359375,0.0033636093139648438
iskraSA/IskraSpaceApp/canonCodeIskra/core/__init__.py,48,.py,0.046875,4.57763671875e-05
iskraSA/IskraSpaceApp/canonCodeIskra/core/config.py,12214,.py,11.927734375,0.011648178100585938
iskraSA/IskraSpaceApp/canonCodeIskra/core/engine.py,6133,.py,5.9892578125,0.005848884582519531
iskraSA/IskraSpaceApp/canonCodeIskra/core/models.py,22638,.py,22.107421875,0.021589279174804688
iskraSA/IskraSpaceApp/canonCodeIskra/core/validator/__init__.py,48,.py,0.046875,4.57763671875e-05
iskraSA/IskraSpaceApp/canonCodeIskra/core/validator/engine.cpython-311.pyc,4933,.pyc,4.8173828125,0.004704475402832031
iskraSA/IskraSpaceApp/canonCodeIskra/core/validator/plugin_validator.py,2676,.py,2.61328125,0.002552032470703125
iskraSA/IskraSpaceApp/canonCodeIskra/dashboard/app.js,10630,.js,10.380859375,0.010137557983398438
iskraSA/IskraSpaceApp/canonCodeIskra/dashboard/index.html,5144,.html,5.0234375,0.00490570068359375
iskraSA/IskraSpaceApp/canonCodeIskra/dashboard/style.css,6780,.css,6.62109375,0.006465911865234375
iskraSA/IskraSpaceApp/canonCodeIskra/memory/growth_nodes.py,19178,.py,18.728515625,0.018289566040039062
iskraSA/IskraSpaceApp/canonCodeIskra/memory/hypergraph.py,8627,.py,8.4248046875,0.008227348327636719
iskraSA/IskraSpaceApp/canonCodeIskra/memory/self_event_node.py,22967,.py,22.4287109375,0.021903038024902344
iskraSA/IskraSpaceApp/canonCodeIskra/services/anti_echo_detector.py,11771,.py,11.4951171875,0.011225700378417969
iskraSA/IskraSpaceApp/canonCodeIskra/services/auth.py,15818,.py,15.447265625,0.015085220336914062
iskraSA/IskraSpaceApp/canonCodeIskra/services/canon_feedback_automation.py,33874,.py,33.080078125,0.03230476379394531
iskraSA/IskraSpaceApp/canonCodeIskra/services/canon_feedback_loop.py,22148,.py,21.62890625,0.021121978759765625
iskraSA/IskraSpaceApp/canonCodeIskra/services/dynamic_thresholds.py,5614,.py,5.482421875,0.0053539276123046875
iskraSA/IskraSpaceApp/canonCodeIskra/services/dynamic_thresholds_v2.py,18555,.py,18.1201171875,0.01769542694091797
iskraSA/IskraSpaceApp/canonCodeIskra/services/fractal.py,4421,.py,4.3173828125,0.004216194152832031
iskraSA/IskraSpaceApp/canonCodeIskra/services/graph_rag.py,4431,.py,4.3271484375,0.004225730895996094
iskraSA/IskraSpaceApp/canonCodeIskra/services/graph_rag_semantic.py,22714,.py,22.181640625,0.021661758422851562
iskraSA/IskraSpaceApp/canonCodeIskra/services/guardrails.py,4478,.py,4.373046875,0.0042705535888671875
iskraSA/IskraSpaceApp/canonCodeIskra/services/guardrails_v2.py,15075,.py,14.7216796875,0.014376640319824219
iskraSA/IskraSpaceApp/canonCodeIskra/services/llm.py,60566,.py,59.146484375,0.05776023864746094
iskraSA/IskraSpaceApp/canonCodeIskra/services/multi_agent_debate.py,17607,.py,17.1943359375,0.016791343688964844
iskraSA/IskraSpaceApp/canonCodeIskra/services/pain_memory_manager.py,4058,.py,3.962890625,0.0038700103759765625
iskraSA/IskraSpaceApp/canonCodeIskra/services/persistence.py,6426,.py,6.275390625,0.0061283111572265625
iskraSA/IskraSpaceApp/canonCodeIskra/services/persistence_base.py,3662,.py,3.576171875,0.0034923553466796875
iskraSA/IskraSpaceApp/canonCodeIskra/services/persistence_factory.py,5511,.py,5.3818359375,0.005255699157714844
iskraSA/IskraSpaceApp/canonCodeIskra/services/persistence_postgres.py,15943,.py,15.5693359375,0.015204429626464844
iskraSA/IskraSpaceApp/canonCodeIskra/services/persistence_sqlite.py,8806,.py,8.599609375,0.008398056030273438
iskraSA/IskraSpaceApp/canonCodeIskra/services/phase_engine.py,6552,.py,6.3984375,0.00624847412109375
iskraSA/IskraSpaceApp/canonCodeIskra/services/policy_engine.py,3119,.py,3.0458984375,0.0029745101928710938
iskraSA/IskraSpaceApp/canonCodeIskra/services/redis_cache.py,10527,.py,10.2802734375,0.010039329528808594
iskraSA/IskraSpaceApp/canonCodeIskra/services/rituals.py,22045,.py,21.5283203125,0.02102375030517578
iskraSA/IskraSpaceApp/canonCodeIskra/services/sensor_calibration.py,22601,.py,22.0712890625,0.021553993225097656
iskraSA/IskraSpaceApp/canonCodeIskra/services/sentry_monitoring.py,8435,.py,8.2373046875,0.008044242858886719
iskraSA/IskraSpaceApp/canonCodeIskra/services/sift_protocol.py,15751,.py,15.3818359375,0.015021324157714844
iskraSA/IskraSpaceApp/canonCodeIskra/services/telos_check.py,19772,.py,19.30859375,0.018856048583984375
iskraSA/IskraSpaceApp/canonCodeIskra/services/telos_layer.py,30493,.py,29.7783203125,0.02908039093017578
iskraSA/IskraSpaceApp/canonCodeIskra/services/tools.py,2747,.py,2.6826171875,0.0026197433471679688
iskraSA/IskraSpaceApp/canonCodeIskra/services/vector_db.py,5371,.py,5.2451171875,0.005122184753417969
iskraSA/IskraSpaceApp/canonCodeIskra/tests/conftest.py,1740,.py,1.69921875,0.001659393310546875
iskraSA/IskraSpaceApp/canonCodeIskra/tests/test_advanced_services.py,17461,.py,17.0517578125,0.01665210723876953
iskraSA/IskraSpaceApp/canonCodeIskra/tests/test_api_workflow.py,4772,.py,4.66015625,0.004550933837890625
iskraSA/IskraSpaceApp/canonCodeIskra/tests/test_canon_v5_features.py,11631,.py,11.3583984375,0.011092185974121094
iskraSA/IskraSpaceApp/canonCodeIskra/tests/test_core_services.py,3233,.py,3.1572265625,0.0030832290649414062
iskraSA/IskraSpaceApp/canonCodeIskra/tests/test_models.py,16585,.py,16.1962890625,0.015816688537597656
iskraSA/IskraSpaceApp/canonCodeIskra/tests/test_telos_sift.py,17374,.py,16.966796875,0.016569137573242188
iskraSA/IskraSpaceApp/canonCodeIskra/tools/validate_delta.py,5018,.py,4.900390625,0.0047855377197265625
iskraSA/IskraSpaceApp/canonCodeIskra/tools/validate_delta_safe.py,3335,.py,3.2568359375,0.0031805038452148438
iskraSA/IskraSpaceApp/canonCodeIskra/utils/__init__.py,48,.py,0.046875,4.57763671875e-05
iskraSA/IskraSpaceApp/canonCodeIskra/utils/safe_json.py,2366,.py,2.310546875,0.0022563934326171875
iskraSA/IskraSpaceApp/docs/METRICS_SPECIFICATION_v5.md,12518,.md,12.224609375,0.011938095092773438
iskraspaceapp/App.tsx,13219,.tsx,12.9091796875,0.012606620788574219
iskraspaceapp/MANTRA.md,9320,.md,9.1015625,0.00888824462890625
iskraspaceapp/README.md,553,.md,0.5400390625,0.0005273818969726562
iskraspaceapp/index.html,7849,.html,7.6650390625,0.007485389709472656
iskraspaceapp/index.md,2004,.md,1.95703125,0.001911163330078125
iskraspaceapp/index.tsx,351,.tsx,0.3427734375,0.00033473968505859375
iskraspaceapp/liberiskraOm_docs_index.csv,3777,.csv,3.6884765625,0.0036020278930664062
iskraspaceapp/lint_report.csv,1915,.csv,1.8701171875,0.0018262863159179688
iskraspaceapp/manifest.json,651,.json,0.6357421875,0.0006208419799804688
iskraspaceapp/matrix_v1.csv,1119,.csv,1.0927734375,0.0010671615600585938
iskraspaceapp/metadata.json,231,.json,0.2255859375,0.00022029876708984375
iskraspaceapp/package-lock.json,131012,.json,127.94140625,0.12494277954101562
iskraspaceapp/package.json,515,.json,0.5029296875,0.0004911422729492188
iskraspaceapp/tsconfig.json,542,.json,0.529296875,0.0005168914794921875
iskraspaceapp/types.ts,5452,.ts,5.32421875,0.005199432373046875
iskraspaceapp/vite.config.ts,580,.ts,0.56640625,0.000553131103515625
iskraspaceapp/components/Ambience.tsx,2715,.tsx,2.6513671875,0.0025892257690429688
iskraspaceapp/components/BeaconView.tsx,9687,.tsx,9.4599609375,0.009238243103027344
iskraspaceapp/components/BreathingExercise.tsx,4494,.tsx,4.388671875,0.0042858123779296875
iskraspaceapp/components/ChatView.tsx,15722,.tsx,15.353515625,0.014993667602539062
iskraspaceapp/components/ChatWindow.tsx,12358,.tsx,12.068359375,0.011785507202148438
iskraspaceapp/components/CouncilView.tsx,8040,.tsx,7.8515625,0.00766754150390625
iskraspaceapp/components/DayPulse.tsx,20141,.tsx,19.6689453125,0.01920795440673828
iskraspaceapp/components/DeepResearchView.tsx,18163,.tsx,17.7373046875,0.01732158660888672
iskraspaceapp/components/DeltaReport.tsx,1413,.tsx,1.3798828125,0.0013475418090820312
iskraspaceapp/components/DesignSystem.tsx,6013,.tsx,5.8720703125,0.005734443664550781
iskraspaceapp/components/DuoCanvas.tsx,4288,.tsx,4.1875,0.00408935546875
iskraspaceapp/components/DuoLink.tsx,10957,.tsx,10.7001953125,0.010449409484863281
iskraspaceapp/components/ErrorBoundary.tsx,1905,.tsx,1.8603515625,0.0018167495727539062
iskraspaceapp/components/FocusSession.tsx,11678,.tsx,11.404296875,0.011137008666992188
iskraspaceapp/components/GenerateButton.tsx,649,.tsx,0.6337890625,0.0006189346313476562
iskraspaceapp/components/HistoryPanel.tsx,1000,.tsx,0.9765625,0.00095367431640625
iskraspaceapp/components/InputField.tsx,3998,.tsx,3.904296875,0.0038127899169921875
iskraspaceapp/components/IskraMetricsDisplay.tsx,4661,.tsx,4.5517578125,0.004445075988769531
iskraspaceapp/components/IskraStateView.tsx,14090,.tsx,13.759765625,0.013437271118164062
iskraspaceapp/components/Journal.tsx,17258,.tsx,16.853515625,0.016458511352539062
iskraspaceapp/components/LiveConversation.tsx,17422,.tsx,17.013671875,0.016614913940429688
iskraspaceapp/components/Loader.tsx,827,.tsx,0.8076171875,0.0007886886596679688
iskraspaceapp/components/MemoryGraph.tsx,6209,.tsx,6.0634765625,0.005921363830566406
iskraspaceapp/components/MemoryView.tsx,20136,.tsx,19.6640625,0.01920318603515625
iskraspaceapp/components/MiniMetricsDisplay.tsx,3378,.tsx,3.298828125,0.0032215118408203125
iskraspaceapp/components/Onboarding.tsx,7516,.tsx,7.33984375,0.007167816162109375
iskraspaceapp/components/OnboardingTour.tsx,11527,.tsx,11.2568359375,0.010993003845214844
iskraspaceapp/components/Planner.tsx,25152,.tsx,24.5625,0.02398681640625
iskraspaceapp/components/SettingsView.tsx,14879,.tsx,14.5302734375,0.014189720153808594
iskraspaceapp/components/ShadowView.tsx,15551,.tsx,15.1865234375,0.014830589294433594
iskraspaceapp/components/Sidebar.tsx,9795,.tsx,9.5654296875,0.009341239929199219
iskraspaceapp/components/SparkDisplay.tsx,713,.tsx,0.6962890625,0.0006799697875976562
iskraspaceapp/components/TarotCard.tsx,3100,.tsx,3.02734375,0.002956390380859375
iskraspaceapp/components/TarotReader.tsx,7377,.tsx,7.2041015625,0.007035255432128906
iskraspaceapp/components/TarotView.tsx,5376,.tsx,5.25,0.005126953125
iskraspaceapp/components/VoiceVisualizer.tsx,3436,.tsx,3.35546875,0.003276824951171875
iskraspaceapp/components/icons.tsx,17520,.tsx,17.109375,0.0167083740234375
iskraspaceapp/components/assets/logo.svg,1077,.svg,1.0517578125,0.0010271072387695312
iskraspaceapp/components/live/AnalysisModal.tsx,6011,.tsx,5.8701171875,0.005732536315917969
iskraspaceapp/components/live/ControlButtons.tsx,2604,.tsx,2.54296875,0.002483367919921875
iskraspaceapp/components/live/TranscriptView.tsx,1997,.tsx,1.9501953125,0.0019044876098632812
iskraspaceapp/components/live/index.ts,256,.ts,0.25,0.000244140625
iskraspaceapp/components/live/types.ts,139,.ts,0.1357421875,0.00013256072998046875
iskraspaceapp/config/deltaConfig.ts,1013,.ts,0.9892578125,0.0009660720825195312
iskraspaceapp/config/metricsConfig.ts,4231,.ts,4.1318359375,0.004034996032714844
iskraspaceapp/css/audioUtils.ts,1060,.ts,1.03515625,0.001010894775390625
iskraspaceapp/css/iskra-theme.css,0,.css,0.0,0.0
iskraspaceapp/data/canonData.ts,9154,.ts,8.939453125,0.008729934692382812
iskraspaceapp/hooks/useLiveAudio.ts,4794,.ts,4.681640625,0.0045719146728515625
iskraspaceapp/public/assets/flame-character.svg,1381,.svg,1.3486328125,0.0013170242309570312
iskraspaceapp/public/docs/05_METRICS_and_RHYTHM_INDEX.md,91398,.md,89.255859375,0.08716392517089844
iskraspaceapp/services/auditService.ts,13632,.ts,13.3125,0.01300048828125
iskraspaceapp/services/canonService.ts,1894,.ts,1.849609375,0.0018062591552734375
iskraspaceapp/services/deltaEnforcer.ts,8671,.ts,8.4677734375,0.008269309997558594
iskraspaceapp/services/deltaProtocol.ts,4990,.ts,4.873046875,0.0047588348388671875
iskraspaceapp/services/geminiService.ts,32473,.ts,31.7119140625,0.030968666076660156
iskraspaceapp/services/makiService.ts,13032,.ts,12.7265625,0.01242828369140625
iskraspaceapp/services/memoryService.ts,11719,.ts,11.4443359375,0.011176109313964844
iskraspaceapp/services/metricsService.ts,4481,.ts,4.3759765625,0.004273414611816406
iskraspaceapp/services/ragService.ts,9031,.ts,8.8193359375,0.008612632751464844
iskraspaceapp/services/ritualService.ts,23411,.ts,22.8623046875,0.02232646942138672
iskraspaceapp/services/searchService.ts,6081,.ts,5.9384765625,0.005799293518066406
iskraspaceapp/services/securityService.ts,3048,.ts,2.9765625,0.00290679931640625
iskraspaceapp/services/soundService.ts,3413,.ts,3.3330078125,0.0032548904418945312
iskraspaceapp/services/storageService.ts,8064,.ts,7.875,0.0076904296875
iskraspaceapp/services/voiceEngine.ts,11302,.ts,11.037109375,0.010778427124023438
iskraspaceapp/services/voiceSynapseService.ts,13915,.ts,13.5888671875,0.013270378112792969
iskraspaceapp/services/__tests__/deltaProtocol.test.ts,5217,.ts,5.0947265625,0.004975318908691406
iskraspaceapp/services/__tests__/geminiService.test.ts,757,.ts,0.7392578125,0.0007219314575195312
iskraspaceapp/services/__tests__/metricsUtils.test.ts,1231,.ts,1.2021484375,0.0011739730834960938
iskraspaceapp/services/__tests__/ritualService.test.ts,6742,.ts,6.583984375,0.0064296722412109375
iskraspaceapp/services/__tests__/voiceEngine.test.ts,10076,.ts,9.83984375,0.009609222412109375
iskraspaceapp/utils/deltaValidator.ts,2680,.ts,2.6171875,0.00255584716796875
iskraspaceapp/utils/metrics.ts,3274,.ts,3.197265625,0.0031223297119140625
iskraspaceapp/utils/tarot.ts,2072,.ts,2.0234375,0.00197601318359375
